{
  "experiment": "Parameter_Ablation",
  "timestamp": "2026-02-25T21:27:26.248369",
  "addresses": [
    "R2.5"
  ],
  "ablation_subset_sizes": {
    "train": 500,
    "test": 200
  },
  "SWaT": {
    "qubits": {
      "4": {
        "f1": 0.7894736842105263,
        "auc": 0.9457135838860231,
        "accuracy": 0.96,
        "mcc": 0.7899188552533997,
        "kernel_time": 4.763267755508423
      },
      "6": {
        "f1": 0.84,
        "auc": 0.9818226479980349,
        "accuracy": 0.96,
        "mcc": 0.8207411596376707,
        "kernel_time": 6.461341619491577
      },
      "8": {
        "f1": 0.84,
        "auc": 0.9850159665929746,
        "accuracy": 0.96,
        "mcc": 0.8207411596376707,
        "kernel_time": 8.254437446594238
      }
    },
    "reps": {
      "1": {
        "f1": 0.84,
        "auc": 0.98575288626873,
        "accuracy": 0.96,
        "mcc": 0.8207411596376707,
        "kernel_time": 6.00025749206543
      },
      "2": {
        "f1": 0.84,
        "auc": 0.9850159665929746,
        "accuracy": 0.96,
        "mcc": 0.8207411596376707,
        "kernel_time": 8.196040153503418
      },
      "3": {
        "f1": 0.8846153846153846,
        "auc": 0.9793662490788504,
        "accuracy": 0.97,
        "mcc": 0.8753391260662596,
        "kernel_time": 10.391210317611694
      }
    },
    "entanglement": {
      "linear": {
        "f1": 0.84,
        "auc": 0.9850159665929746,
        "accuracy": 0.96,
        "mcc": 0.8207411596376707,
        "kernel_time": 8.243726968765259
      },
      "full": {
        "f1": 0.8846153846153846,
        "auc": 0.987963645295996,
        "accuracy": 0.97,
        "mcc": 0.8753391260662596,
        "kernel_time": 15.69010615348816
      },
      "circular": {
        "f1": 0.8846153846153846,
        "auc": 0.9852616064848931,
        "accuracy": 0.97,
        "mcc": 0.8753391260662596,
        "kernel_time": 8.65481162071228
      }
    }
  },
  "HAI": {
    "qubits": {
      "4": {
        "f1": 0.2222222222222222,
        "auc": 0.768319763138416,
        "accuracy": 0.895,
        "mcc": 0.20858299868652821,
        "kernel_time": 4.811329364776611
      },
      "6": {
        "f1": 0.0,
        "auc": 0.6373056994818653,
        "accuracy": 0.935,
        "mcc": -0.03349231180519026,
        "kernel_time": 6.489433288574219
      },
      "8": {
        "f1": 0.0,
        "auc": 0.7801628423390081,
        "accuracy": 0.955,
        "mcc": -0.01914047751001127,
        "kernel_time": 8.470452547073364
      }
    },
    "reps": {
      "1": {
        "f1": 0.0,
        "auc": 0.8541820873427091,
        "accuracy": 0.935,
        "mcc": -0.03349231180519026,
        "kernel_time": 6.007768630981445
      },
      "2": {
        "f1": 0.0,
        "auc": 0.7801628423390081,
        "accuracy": 0.955,
        "mcc": -0.01914047751001127,
        "kernel_time": 8.225415706634521
      },
      "3": {
        "f1": 0.0,
        "auc": 0.6365655070318282,
        "accuracy": 0.96,
        "mcc": -0.013500312680505755,
        "kernel_time": 10.377556562423706
      }
    },
    "entanglement": {
      "linear": {
        "f1": 0.0,
        "auc": 0.7801628423390081,
        "accuracy": 0.955,
        "mcc": -0.01914047751001127,
        "kernel_time": 8.25044846534729
      },
      "full": {
        "f1": 0.0,
        "auc": 0.6595114729829755,
        "accuracy": 0.965,
        "mcc": 0.0,
        "kernel_time": 15.735721349716187
      },
      "circular": {
        "f1": 0.0,
        "auc": 0.7290895632864545,
        "accuracy": 0.955,
        "mcc": -0.01914047751001127,
        "kernel_time": 8.588239431381226
      }
    }
  }
}